,siteid,celltype,cellcount,size,msize,Z12,Z12sh,Z13,Z13sh,Z23,Z23sh,Zo,Zsho,Z12o,Z12sho,Z13o,Z13sho,Z23o,Z23sho
0,CLT028c,N,6,0.10208333333333335,0.19875,3,2.8,4,3.6,5,4.4,0.48888888888888893,0.7866666666666666,0.3333333333333333,0.72,0.4666666666666667,0.82,0.6666666666666666,0.82
1,CLT028c,R,34,0.07176470588235294,0.08345588235294117,9,7.2,11,7.2,9,8.4,0.2982768865121806,0.48805704099821745,0.25846702317290554,0.4841354723707665,0.3226381461675579,0.49607843137254903,0.3137254901960784,0.4839572192513369
2,CLT028c,all,40,0.07631249999999999,0.10074999999999999,10,8.5,15,9.3,14,11.1,0.34230769230769226,0.5417948717948718,0.26666666666666666,0.5284615384615384,0.36666666666666664,0.5444871794871795,0.3935897435897436,0.5524358974358974
3,CLT029c,N,7,0.11357142857142857,0.1576190476190476,5,3.6,7,4.7,6,3.6,0.888888888888889,0.9555555555555556,0.7142857142857143,0.9571428571428572,1.0,0.9285714285714286,0.9523809523809523,0.9809523809523809
4,CLT029c,R,5,0.06,0.0655,2,2.4,2,2.5,1,1.9,0.16666666666666666,0.5466666666666667,0.2,0.49,0.3,0.63,0.0,0.52
5,CLT029c,all,12,0.09125,0.11923611111111108,7,4.1,9,6.0,7,4.3,0.6363636363636364,0.8202020202020203,0.5151515151515151,0.7727272727272727,0.7727272727272727,0.8272727272727273,0.6212121212121212,0.8606060606060606
6,CLT032c,N,8,0.19375,0.169375,7,4.5,7,4.4,6,4.2,0.9404761904761906,0.9535714285714286,0.9642857142857143,1.0,0.9642857142857143,1.0,0.8928571428571429,0.8607142857142858
7,CLT032c,R,23,0.06630434782608695,0.06376811594202898,9,5.6,8,5.8,10,4.7,0.37285902503293805,0.6436100131752305,0.40711462450592883,0.6517786561264822,0.35968379446640314,0.6387351778656126,0.35177865612648224,0.6403162055335968
8,CLT032c,all,31,0.09919354838709678,0.0910215053763441,15,7.7,12,7.6,15,7.8,0.48172043010752685,0.739426523297491,0.5225806451612903,0.7574193548387097,0.46236559139784944,0.7395698924731183,0.46021505376344085,0.7212903225806452
9,CLT033c,N,9,0.09805555555555555,0.08148148148148147,4,3.3,5,3.0,3,3.1,0.4166666666666667,0.600925925925926,0.5833333333333334,0.7361111111111112,0.3611111111111111,0.5611111111111111,0.3055555555555556,0.5055555555555555
10,CLT033c,R,26,0.07067307692307692,0.05301282051282052,6,5.8,5,4.8,4,4.9,0.18974358974358974,0.40830769230769226,0.25846153846153846,0.43015384615384616,0.16615384615384615,0.408,0.14461538461538462,0.38676923076923075
11,CLT033c,all,35,0.07771428571428571,0.06033333333333334,9,7.3,10,5.4,6,6.3,0.22969187675070027,0.4451540616246499,0.2991596638655462,0.4757983193277311,0.20336134453781513,0.4250420168067227,0.1865546218487395,0.4346218487394958
12,CLT034c,N,3,0.03666666666666667,0.01972222222222222,2,1.3,3,1.3,2,1.0,0.6666666666666666,0.6222222222222222,0.6666666666666666,0.8,1.0,0.7,0.3333333333333333,0.36666666666666664
13,CLT034c,R,11,0.05795454545454546,0.039318181818181815,3,3.1,4,2.5,3,2.0,0.23030303030303031,0.4296969696969697,0.23636363636363636,0.4618181818181818,0.2727272727272727,0.4690909090909091,0.18181818181818182,0.35818181818181816
14,CLT034c,all,14,0.053392857142857145,0.03511904761904761,5,3.5,7,2.5,4,3.0,0.2893772893772894,0.4487179487179487,0.2967032967032967,0.5197802197802198,0.37362637362637363,0.5043956043956044,0.1978021978021978,0.321978021978022
15,CLT035c,N,3,0.08,0.09388888888888887,2,1.8,3,2.2,3,1.6,0.8888888888888888,0.8444444444444444,0.6666666666666666,0.8666666666666667,1.0,0.9666666666666667,1.0,0.7
16,CLT035c,R,10,0.05075,0.04458333333333333,3,2.7,3,2.9,3,2.9,0.17037037037037037,0.27259259259259255,0.17777777777777778,0.33555555555555555,0.2222222222222222,0.19111111111111112,0.1111111111111111,0.2911111111111111
17,CLT035c,all,13,0.0575,0.055961538461538465,3,3.5,5,3.1,4,3.9,0.21367521367521367,0.38803418803418804,0.1794871794871795,0.4346153846153846,0.2564102564102564,0.34615384615384615,0.20512820512820512,0.38333333333333336
18,CLT036c,N,8,0.063125,0.09958333333333334,3,2.8,3,3.8,3,3.4,0.30952380952380953,0.5964285714285714,0.2857142857142857,0.5321428571428571,0.32142857142857145,0.6142857142857143,0.32142857142857145,0.6428571428571429
19,CLT036c,R,26,0.05519230769230769,0.06012820512820514,7,5.2,5,5.4,6,5.4,0.2041025641025641,0.3817435897435897,0.19384615384615383,0.3750769230769231,0.2123076923076923,0.36646153846153845,0.20615384615384616,0.4036923076923077
20,CLT036c,all,34,0.057058823529411766,0.06941176470588235,10,6.1,7,7.1,7,7.0,0.24658348187759951,0.43868092691622107,0.22103386809269163,0.4281639928698752,0.26559714795008915,0.4319073083778966,0.2531194295900178,0.4559714795008913
21,CLT039c,N,3,0.1475,0.13416666666666666,3,2.1,2,2.0,2,1.9,0.7777777777777777,0.8888888888888888,1.0,1.0,0.6666666666666666,0.9333333333333333,0.6666666666666666,0.7333333333333333
22,CLT039c,R,27,0.05425925925925926,0.05253086419753086,6,5.8,5,5.6,7,5.1,0.2117758784425451,0.38233618233618233,0.2336182336182336,0.41965811965811967,0.1794871794871795,0.3595441595441595,0.2222222222222222,0.3678062678062678
23,CLT039c,all,30,0.06358333333333334,0.06069444444444444,8,6.2,6,5.6,7,6.6,0.23831417624521076,0.40927203065134093,0.26436781609195403,0.455632183908046,0.2045977011494253,0.3714942528735632,0.24597701149425288,0.4006896551724138
24,CLT040c,N,5,0.059500000000000004,0.08950000000000001,2,2.0,3,2.5,3,2.6,0.3,0.5466666666666667,0.2,0.27,0.3,0.59,0.4,0.78
25,CLT040c,R,27,0.06333333333333332,0.06339506172839507,7,5.7,7,5.2,7,5.8,0.2165242165242165,0.4339031339031339,0.20797720797720798,0.403988603988604,0.19658119658119658,0.4307692307692308,0.245014245014245,0.466951566951567
26,CLT040c,all,32,0.062734375,0.06747395833333333,7,6.1,8,6.3,8,6.8,0.2217741935483871,0.4461021505376344,0.20766129032258066,0.3778225806451613,0.20967741935483872,0.45383064516129035,0.24798387096774194,0.5066532258064517
27,CLT044d,R,26,0.07865384615384614,0.07862179487179487,7,6.1,7,6.4,7,6.2,0.29128205128205126,0.5049230769230769,0.31384615384615383,0.5061538461538462,0.28307692307692306,0.5144615384615384,0.27692307692307694,0.49415384615384617
28,CLT044d,all,26,0.07865384615384614,0.07862179487179487,7,6.1,7,6.3,7,6.0,0.29128205128205126,0.5022564102564102,0.31384615384615383,0.5027692307692307,0.28307692307692306,0.5147692307692308,0.27692307692307694,0.48923076923076925
29,CLT045d,R,14,0.031964285714285716,0.03595238095238095,3,2.8,3,2.2,3,3.4,0.12820512820512822,0.26153846153846155,0.10989010989010989,0.26483516483516484,0.15384615384615385,0.26593406593406593,0.12087912087912088,0.25384615384615383
30,CLT045d,all,16,0.035625,0.03833333333333334,4,3.4,4,3.1,5,3.6,0.1611111111111111,0.31444444444444447,0.125,0.29333333333333333,0.19166666666666668,0.3233333333333333,0.16666666666666666,0.32666666666666666
31,CLT047c,N,8,0.195625,0.15354166666666666,5,4.4,3,3.5,3,3.7,0.4285714285714286,0.7738095238095238,0.5714285714285714,0.8321428571428572,0.35714285714285715,0.7571428571428571,0.35714285714285715,0.7321428571428571
32,CLT047c,R,30,0.10558333333333333,0.09344444444444443,10,8.1,8,7.6,8,6.9,0.33869731800766284,0.5646743295019157,0.4,0.5827586206896552,0.32873563218390806,0.5393103448275862,0.28735632183908044,0.5719540229885057
33,CLT047c,all,38,0.12453947368421053,0.10609649122807017,13,10.7,10,8.9,9,9.0,0.3565670934091987,0.6138928402086298,0.4139402560455192,0.6352773826458037,0.3456614509246088,0.5965860597439545,0.310099573257468,0.6098150782361309
34,CLT048c,N,7,0.26607142857142857,0.2516666666666667,4,4.7,4,4.3,5,4.4,0.6984126984126983,0.8984126984126984,0.7142857142857143,0.8952380952380953,0.5714285714285714,0.8714285714285714,0.8095238095238095,0.9285714285714286
35,CLT048c,R,21,0.08619047619047619,0.07964285714285713,8,6.2,9,5.4,6,4.8,0.30952380952380953,0.5393650793650794,0.3,0.5123809523809524,0.3333333333333333,0.5623809523809524,0.29523809523809524,0.5433333333333333
36,CLT048c,all,28,0.1311607142857143,0.12264880952380951,11,8.4,11,8.3,9,7.6,0.41710758377425045,0.6582010582010582,0.42063492063492064,0.6455026455026455,0.3994708994708995,0.6701058201058201,0.4312169312169312,0.658994708994709
37,CLT049c,R,23,0.06847826086956521,0.06507246376811594,7,5.1,6,5.1,5,5.6,0.23715415019762845,0.3516469038208168,0.25296442687747034,0.3758893280632411,0.24110671936758893,0.3359683794466403,0.21739130434782608,0.3430830039525692
38,CLT049c,all,24,0.07020833333333333,0.06579861111111111,7,6.0,6,5.5,5,5.3,0.23309178743961353,0.35543478260869565,0.25,0.3789855072463768,0.23550724637681159,0.3467391304347826,0.213768115942029,0.34057971014492755
39,LMD011a-A,all,14,0.04428571428571429,0.047142857142857146,5,3.7,5,3.7,6,3.1,0.2564102564102564,0.3186813186813187,0.23076923076923078,0.3076923076923077,0.24175824175824176,0.35494505494505496,0.2967032967032967,0.2934065934065934
40,LMD019a-A,all,24,0.05364583333333333,0.05322916666666667,4,5.1,6,5.4,4,4.6,0.19927536231884058,0.38804347826086955,0.21014492753623187,0.3923913043478261,0.2318840579710145,0.3952898550724638,0.15579710144927536,0.3764492753623188
41,LMD033a-A,all,28,0.08633928571428572,0.07220238095238095,7,6.5,6,6.6,5,5.7,0.22839506172839505,0.43201058201058196,0.23809523809523808,0.45714285714285713,0.24074074074074073,0.4253968253968254,0.20634920634920634,0.41349206349206347
42,LMD045a-A,all,17,0.08191176470588235,0.08887254901960785,5,5.3,8,4.8,8,5.3,0.34313725490196073,0.5894607843137255,0.29411764705882354,0.5970588235294118,0.3602941176470588,0.575735294117647,0.375,0.5955882352941176
43,LMD052a-A,all,52,0.0751923076923077,0.06506410256410255,15,9.6,11,8.9,13,8.3,0.2574157868275515,0.4522121669180492,0.28054298642533937,0.47549019607843135,0.22624434389140272,0.4214177978883861,0.2654600301659125,0.4597285067873303
44,PRN005a,N,5,0.062,0.10933333333333332,2,2.3,3,3.0,3,3.0,0.3333333333333333,0.65,0.2,0.67,0.4,0.65,0.4,0.63
45,PRN005a,R,34,0.09816176470588235,0.08990196078431373,9,8.4,9,8.4,8,7.7,0.29530600118835415,0.4870469399881164,0.28520499108734404,0.5117647058823529,0.3048128342245989,0.47736185383244206,0.29590017825311943,0.47201426024955434
46,PRN005a,all,39,0.09352564102564102,0.0923931623931624,9,8.7,10,9.3,10,9.0,0.2973459289248763,0.4957264957264957,0.2834008097165992,0.5167341430499325,0.2982456140350877,0.49068825910931174,0.31039136302294196,0.4797570850202429
47,PRN007a,N,4,0.154375,0.16666666666666669,3,2.4,3,2.6,4,3.0,0.7222222222222222,0.9055555555555556,0.6666666666666666,0.8166666666666667,0.5,0.9,1.0,1.0
48,PRN007a,R,21,0.0894047619047619,0.09051587301587301,5,5.7,6,6.2,6,5.8,0.23650793650793647,0.5238095238095237,0.2571428571428571,0.5,0.23809523809523808,0.5261904761904762,0.21428571428571427,0.5452380952380952
49,PRN007a,all,25,0.0998,0.10270000000000001,7,6.5,9,7.4,7,6.8,0.28555555555555556,0.568,0.2833333333333333,0.5523333333333333,0.2833333333333333,0.561,0.29,0.5906666666666667
50,PRN008a,R,10,0.07025,0.07525,3,3.1,3,3.5,5,3.0,0.2962962962962963,0.5585185185185185,0.2,0.5911111111111111,0.37777777777777777,0.5555555555555556,0.3111111111111111,0.5288888888888889
51,PRN008a,all,11,0.06522727272727273,0.07393939393939393,3,3.6,4,3.8,5,3.2,0.3090909090909091,0.5866666666666668,0.18181818181818182,0.5945454545454546,0.41818181818181815,0.6072727272727273,0.32727272727272727,0.5581818181818182
52,PRN009b,N,3,0.08,0.09388888888888887,2,1.5,2,2.2,2,1.6,0.5555555555555555,0.5666666666666667,0.3333333333333333,0.7333333333333333,0.6666666666666666,0.8,0.6666666666666666,0.16666666666666666
53,PRN009b,R,13,0.05692307692307692,0.06288461538461539,3,3.8,4,4.0,3,3.4,0.18376068376068375,0.5192307692307693,0.1794871794871795,0.46794871794871795,0.20512820512820512,0.5833333333333334,0.16666666666666666,0.5064102564102564
54,PRN009b,all,16,0.06125,0.06869791666666666,3,3.7,4,4.4,3,4.2,0.17777777777777778,0.4808333333333334,0.15833333333333333,0.4191666666666667,0.21666666666666667,0.54,0.15833333333333333,0.48333333333333334
55,PRN010b,all,11,0.10909090909090909,0.09659090909090909,5,4.6,5,4.3,2,3.4,0.23636363636363633,0.5133333333333333,0.2727272727272727,0.52,0.3090909090909091,0.54,0.12727272727272726,0.48
56,PRN011b,all,16,0.07703125,0.09473958333333334,6,4.6,7,5.1,5,4.9,0.34722222222222215,0.523888888888889,0.3333333333333333,0.5033333333333333,0.375,0.5116666666666667,0.3333333333333333,0.5566666666666666
57,PRN013c,N,7,0.07714285714285714,0.08773809523809524,4,3.0,5,3.2,3,3.0,0.5555555555555555,0.6761904761904761,0.5714285714285714,0.5666666666666667,0.6190476190476191,0.7142857142857143,0.47619047619047616,0.7476190476190476
58,PRN013c,R,18,0.0776388888888889,0.0735648148148148,5,4.5,4,4.3,6,5.0,0.22004357298474944,0.4381263616557734,0.20915032679738563,0.3836601307189543,0.20915032679738563,0.4764705882352941,0.24183006535947713,0.4542483660130719
59,PRN013c,all,25,0.0775,0.07753333333333334,6,5.5,7,5.8,7,6.4,0.2866666666666667,0.47811111111111115,0.23,0.43733333333333335,0.33666666666666667,0.5303333333333333,0.29333333333333333,0.4666666666666667
60,PRN015a,N,13,0.1776923076923077,0.15974358974358974,7,6.3,7,4.9,6,6.2,0.5897435897435898,0.8119658119658121,0.6025641025641025,0.8628205128205129,0.6153846153846154,0.708974358974359,0.5512820512820513,0.8641025641025641
61,PRN015a,R,32,0.085703125,0.08174479166666666,9,7.7,6,6.5,8,7.6,0.2688172043010753,0.5135080645161291,0.2963709677419355,0.552016129032258,0.24798387096774194,0.4840725806451613,0.2620967741935484,0.5044354838709677
62,PRN015a,all,45,0.11227777777777778,0.10427777777777777,14,10.9,13,8.2,13,11.6,0.3569023569023569,0.5983501683501683,0.37777777777777777,0.6319191919191919,0.3474747474747475,0.5691919191919191,0.34545454545454546,0.593939393939394
63,PRN017a,N,6,0.12208333333333334,0.09347222222222223,3,3.3,3,2.1,3,2.6,0.35555555555555557,0.6666666666666666,0.4,0.6066666666666667,0.4,0.56,0.26666666666666666,0.8333333333333334
64,PRN017a,R,13,0.07423076923076924,0.06647435897435898,4,4.3,5,2.9,4,4.1,0.23076923076923075,0.4299145299145299,0.24358974358974358,0.4461538461538462,0.23076923076923078,0.382051282051282,0.21794871794871795,0.46153846153846156
65,PRN017a,all,19,0.08934210526315789,0.075,5,5.4,6,3.7,4,5.2,0.2690058479532163,0.5079922027290449,0.28654970760233917,0.5286549707602339,0.2807017543859649,0.44912280701754387,0.23976608187134502,0.5461988304093567
66,PRN018a,N,8,0.1303125,0.120625,3,3.5,5,3.6,4,3.5,0.42857142857142855,0.6773809523809523,0.39285714285714285,0.7285714285714285,0.5,0.6392857142857142,0.39285714285714285,0.6642857142857143
67,PRN018a,R,27,0.07777777777777778,0.07527777777777778,7,6.3,7,5.7,7,6.2,0.23551756885090216,0.4855650522317189,0.22792022792022792,0.507977207977208,0.245014245014245,0.45555555555555555,0.2336182336182336,0.4931623931623932
68,PRN018a,all,35,0.08978571428571427,0.08564285714285715,8,7.9,12,7.8,9,8.2,0.276750700280112,0.5236974789915966,0.2605042016806723,0.542016806722689,0.3126050420168067,0.4835294117647059,0.2571428571428571,0.5455462184873949
69,PRN020b,all,21,0.04154761904761905,0.04646825396825397,4,4.2,4,4.1,5,4.3,0.16507936507936508,0.2946031746031746,0.1523809523809524,0.2557142857142857,0.14285714285714285,0.27666666666666667,0.2,0.3514285714285714
70,PRN021a,N,4,0.1625,0.1741666666666667,2,2.6,2,2.8,2,2.7,0.3333333333333333,0.8222222222222223,0.5,0.8333333333333334,0.16666666666666666,0.85,0.3333333333333333,0.7833333333333333
71,PRN021a,R,17,0.03235294117647059,0.03931372549019608,4,3.5,5,4.0,4,3.5,0.1642156862745098,0.32254901960784316,0.14705882352941177,0.28602941176470587,0.20588235294117646,0.3264705882352941,0.13970588235294118,0.3551470588235294
72,PRN021a,all,21,0.05714285714285714,0.065,4,4.7,5,4.7,4,4.6,0.19047619047619047,0.4068253968253968,0.19047619047619047,0.37,0.20952380952380953,0.4185714285714286,0.17142857142857143,0.4319047619047619
73,PRN022a,N,5,0.1595,0.19316666666666665,4,3.2,3,3.2,3,3.4,0.5666666666666668,0.9066666666666667,0.9,0.83,0.4,0.96,0.4,0.93
74,PRN022a,R,23,0.044456521739130436,0.04344202898550724,4,4.4,5,4.3,5,4.5,0.1976284584980237,0.3803689064558629,0.16600790513833993,0.37905138339920946,0.2015810276679842,0.3758893280632411,0.22529644268774704,0.38616600790513833
75,PRN022a,all,28,0.065,0.07017857142857144,7,5.4,6,5.7,7,6.1,0.25220458553791886,0.445679012345679,0.25396825396825395,0.4301587301587302,0.23544973544973544,0.44603174603174606,0.2671957671957672,0.46084656084656084
76,PRN023a,N,3,0.25,0.16055555555555556,3,2.5,2,2.0,2,1.8,0.5555555555555555,0.9333333333333332,1.0,1.0,0.3333333333333333,0.8666666666666667,0.3333333333333333,0.9333333333333333
77,PRN023a,R,22,0.057727272727272724,0.05825757575757575,7,4.5,6,5.0,7,4.6,0.24098124098124096,0.4438672438672439,0.2597402597402597,0.4623376623376623,0.24242424242424243,0.44632034632034634,0.22077922077922077,0.42294372294372296
78,PRN023a,all,25,0.0808,0.07053333333333334,7,6.9,6,4.9,8,5.4,0.25222222222222224,0.47411111111111115,0.30333333333333334,0.49266666666666664,0.22666666666666666,0.46266666666666667,0.22666666666666666,0.467
79,PRN024a,R,9,0.03666666666666667,0.04351851851851852,3,2.4,3,2.2,3,2.7,0.17592592592592593,0.37592592592592594,0.19444444444444445,0.38333333333333336,0.16666666666666666,0.34444444444444444,0.16666666666666666,0.4
80,PRN024a,all,11,0.045454545454545456,0.058939393939393944,3,3.1,3,3.1,4,3.5,0.17575757575757578,0.3327272727272727,0.16363636363636364,0.3145454545454546,0.16363636363636364,0.2727272727272727,0.2,0.4109090909090909
81,PRN027b,N,7,0.17464285714285716,0.13523809523809527,4,4.2,6,3.2,4,3.2,0.6190476190476191,0.7857142857142857,0.6190476190476191,0.6714285714285714,0.7619047619047619,0.8,0.47619047619047616,0.8857142857142857
82,PRN027b,R,31,0.04741935483870968,0.04653225806451613,6,5.2,7,4.9,7,5.8,0.19068100358422937,0.35827956989247306,0.18494623655913978,0.3406451612903226,0.18064516129032257,0.37032258064516127,0.2064516129032258,0.3638709677419355
83,PRN027b,all,38,0.07085526315789474,0.06287280701754386,7,7.7,8,6.3,11,7.1,0.23944997629208156,0.41725936462778573,0.23044096728307253,0.3945945945945946,0.23470839260312945,0.40497866287339973,0.2532005689900427,0.45220483641536274
84,PRN029a,R,19,0.03026315789473684,0.03754385964912281,5,3.5,6,4.2,5,3.9,0.15789473684210525,0.2861598440545809,0.14035087719298245,0.24035087719298245,0.17543859649122806,0.30760233918128654,0.15789473684210525,0.3105263157894737
85,PRN029a,all,20,0.042625,0.04908333333333334,5,4.1,6,4.0,6,4.3,0.17017543859649123,0.32298245614035087,0.1368421052631579,0.26789473684210524,0.18421052631578946,0.32842105263157895,0.18947368421052632,0.3726315789473684
86,PRN029b,R,17,0.036323529411764706,0.03377450980392157,3,3.4,5,3.1,4,3.6,0.15196078431372548,0.303921568627451,0.1323529411764706,0.3272058823529412,0.18382352941176472,0.27794117647058825,0.13970588235294118,0.30661764705882355
87,PRN029b,all,18,0.049444444444444444,0.04708333333333333,4,3.7,5,3.5,4,3.5,0.1699346405228758,0.3254901960784314,0.1437908496732026,0.35555555555555557,0.20261437908496732,0.29869281045751633,0.16339869281045752,0.32222222222222224
88,PRN031a,N,11,0.17522727272727273,0.10431818181818181,8,5.1,6,3.0,7,3.4,0.5878787878787878,0.5921212121212122,0.6727272727272727,0.6636363636363637,0.509090909090909,0.54,0.5818181818181818,0.5727272727272728
89,PRN031a,R,7,0.25857142857142856,0.22,5,4.9,4,4.0,4,3.8,0.5873015873015873,0.9444444444444443,0.7619047619047619,0.9142857142857143,0.5714285714285714,0.9714285714285714,0.42857142857142855,0.9476190476190476
90,PRN031a,all,18,0.2076388888888889,0.14930555555555558,11,7.6,9,6.3,7,6.3,0.5228758169934641,0.7450980392156863,0.673202614379085,0.7934640522875817,0.49673202614379086,0.703921568627451,0.39869281045751637,0.7379084967320262
91,PRN043a,N,15,0.07333333333333333,0.08094444444444443,6,4.1,4,4.4,6,4.8,0.3587301587301588,0.58,0.3904761904761905,0.5504761904761905,0.2857142857142857,0.5428571428571428,0.4,0.6466666666666666
92,PRN043a,R,19,0.06394736842105263,0.09092105263157896,4,4.7,4,5.9,7,5.5,0.27680311890838205,0.4779727095516569,0.2222222222222222,0.4327485380116959,0.24561403508771928,0.4812865497076023,0.36257309941520466,0.5198830409356725
93,PRN043a,all,34,0.06808823529411764,0.08651960784313724,8,6.6,8,7.9,8,9.3,0.30303030303030304,0.5224598930481283,0.2976827094474153,0.5019607843137255,0.26559714795008915,0.5007130124777184,0.34581105169340465,0.5647058823529412
94,PRN045b,N,8,0.0728125,0.06510416666666667,4,3.1,3,3.1,3,2.3,0.2857142857142857,0.4583333333333333,0.35714285714285715,0.48214285714285715,0.21428571428571427,0.5035714285714286,0.2857142857142857,0.3892857142857143
95,PRN045b,R,13,0.10846153846153847,0.09647435897435898,5,4.8,3,5.2,4,4.5,0.2777777777777778,0.4918803418803419,0.3076923076923077,0.49230769230769234,0.24358974358974358,0.46923076923076923,0.28205128205128205,0.514102564102564
96,PRN045b,all,21,0.09488095238095237,0.08452380952380953,6,6.0,6,5.6,5,5.4,0.2714285714285714,0.48714285714285716,0.319047619047619,0.5314285714285715,0.23809523809523808,0.4747619047619048,0.2571428571428571,0.4552380952380952
97,PRN048a,N,3,0.12833333333333333,0.10305555555555555,1,1.9,1,1.5,2,2.1,0.1111111111111111,0.5666666666666665,0.0,0.5666666666666667,0.0,0.4666666666666667,0.3333333333333333,0.6666666666666666
98,PRN048a,R,21,0.06142857142857143,0.06456349206349206,6,4.7,7,5.1,6,4.8,0.20952380952380953,0.4446031746031746,0.20952380952380953,0.45714285714285713,0.21904761904761905,0.4423809523809524,0.2,0.4342857142857143
99,PRN048a,all,24,0.06979166666666667,0.069375,7,5.2,7,5.2,7,5.1,0.21859903381642512,0.4607487922705314,0.21739130434782608,0.47355072463768116,0.2210144927536232,0.45108695652173914,0.21739130434782608,0.45760869565217394
100,PRN050a,R,11,0.09454545454545454,0.0793939393939394,4,4.0,3,3.3,4,4.1,0.26060606060606056,0.38727272727272727,0.2727272727272727,0.44727272727272727,0.21818181818181817,0.3236363636363636,0.2909090909090909,0.39090909090909093
101,PRN050a,all,13,0.08288461538461539,0.07717948717948718,4,4.3,4,3.0,4,4.6,0.23931623931623933,0.44658119658119655,0.24358974358974358,0.41923076923076924,0.24358974358974358,0.4666666666666667,0.23076923076923078,0.45384615384615384
102,PRN075a,N,3,0.18666666666666668,0.1688888888888889,2,2.0,2,2.1,2,2.3,0.5555555555555555,0.9,0.6666666666666666,0.8666666666666667,0.6666666666666666,0.9333333333333333,0.3333333333333333,0.9
103,PRN075a,R,11,0.0375,0.03659090909090909,6,2.8,3,2.5,4,3.2,0.23030303030303031,0.323030303030303,0.34545454545454546,0.3236363636363636,0.14545454545454545,0.34363636363636363,0.2,0.3018181818181818
104,PRN075a,all,14,0.06946428571428571,0.0649404761904762,6,3.7,3,3.6,5,4.1,0.27838827838827834,0.4014652014652014,0.3626373626373626,0.4032967032967033,0.2087912087912088,0.41098901098901097,0.26373626373626374,0.3901098901098901
105,SLJ009b-A,all,26,0.08951923076923077,0.07240384615384615,12,6.7,9,5.4,9,5.9,0.34564102564102567,0.5603076923076923,0.4246153846153846,0.6052307692307692,0.3353846153846154,0.536923076923077,0.27692307692307694,0.5387692307692308
106,SLJ012a-A,all,21,0.06392857142857143,0.06988095238095238,5,4.7,6,5.3,6,5.3,0.2253968253968254,0.4120634920634921,0.20476190476190476,0.39904761904761904,0.20952380952380953,0.39571428571428574,0.2619047619047619,0.44142857142857145
107,SLJ032a-A,all,16,0.060625,0.065,4,4.4,4,4.1,5,4.9,0.24722222222222223,0.4038888888888889,0.2,0.35583333333333333,0.25833333333333336,0.4008333333333333,0.2833333333333333,0.455
108,SLJ032a-B,all,16,0.060625,0.065,4,4.0,4,3.9,5,4.4,0.24722222222222223,0.395,0.2,0.3466666666666667,0.25833333333333336,0.39166666666666666,0.2833333333333333,0.44666666666666666
